{"episode_rewards": [908.099999999986, 888.9705882352736, 896.4028776978226, 921.6999999999913, 760.3351955307069, 821.7081850533659, 923.1999999999913, 901.7999999999842, 893.4640522875598, 883.1649831649652, 885.6115107913474, 862.825278810393, 580.1346801346642, 833.0855018587201, 862.1212121211938], "mean": 854.8416043790643, "std": 84.22213608022938}