{"episode_rewards": [581.9787985865576, 852.7027027026826, 668.1159420289683, 818.3006535947502, 888.1889763779401, 855.326460481081, 861.8055555555346, 917.4999999999843, 693.4426229508045, 605.6856187290803, 926.6999999999894, 770.1298701298516, 854.1284403669525, 889.1696750902418, 811.7647058823342], "mean": 799.6626681651168, "std": 107.57295686938016}