{"episode_rewards": [865.6357388315975, 788.4892086330784, 922.4999999999886, 916.7999999999859, 858.0419580419408, 918.999999999994, 880.6949806949618, 879.3814432989496, 920.7999999999911, 919.2999999999844, 896.5986394557709, 913.0999999999893, 859.1836734693775, 896.5156794424929, 881.6176470588033], "mean": 887.8439312617937, "std": 34.747775007492585}