{"episode_rewards": [-23.95362318840586, -20.855172413793113, -24.057142857142924, -23.927272727272793, -14.193197278911516, -18.461146496815367, -24.685342019544052, -13.084057971014458, -24.231358885017492, -0.7945945945945447], "mean": -18.824290843251212, "std": 7.259787338017016}