{"episode_rewards": [26.820477815699284, -94.05443037974695, 40.22857142857106, 7.410038610038381, 8.535099337748091, 18.304950495049113, 15.228571428571065, 23.274708171205837, 9.424999999999745, 42.74366197183064], "mean": 9.791664887896626, "std": 36.57519015431326}