{"episode_rewards": [-17.1649122807017, -13.898961937716187, 6.113432835820917, 9.939240506329178, -11.065771812080499, -24.53333333333341, -24.91069182389945, -15.52601880877739, 10.905263157894792, 6.535849056603813], "mean": -7.360590443985994, "std": 13.526908987129936}