{"episode_rewards": [37.427450980391804, 23.511246200607516, 27.623529411764338, 40.472354948805105, 23.113099041533168, 41.08915662650563, 29.298220640569006, 26.42711864406739, 32.232835820895154, 80.62108626198209], "mean": 36.18160985771212, "std": 16.0673659488232}