{"episode_rewards": [46.621011673151365, 71.07272727272806, 48.9393728222993, 55.756521739130044, 38.56744186046472, 48.38477508650512, 48.79999999999967, 54.710652920962595, 35.002090592334085, 43.00494699646602], "mean": 49.085954096404095, "std": 9.550893735288405}