{"episode_rewards": [23.511246200607516, 22.311705685618342, 30.689250814331864, 16.704191616766096, 27.623529411764338, 33.0857142857139, 26.56173285198519, 38.18775510204044, 18.182716049382343, 37.14532374100682], "mean": 27.400316575921682, "std": 7.040013881828464}