{"episode_rewards": [26.232432432432056, 2.1333333333331876, 52.69261744966427, 16.58156996586993, 16.097297297296926, 1.0580645161289128, 5.29635036496331, 33.193939393939026, 2.813605442176721, 11.145276872963892], "mean": 16.724448706876824, "std": 15.714150202309563}