{"episode_rewards": [-24.42033898305092, -1.5703703703702971, -24.577483443708683, -23.847058823529476, 38.83891050583643, -8.811940298507434, -25.659833795013945, 38.143065693430515, -24.443243243243316, 10.600643086816822], "mean": -4.574764967134031, "std": 24.436748448083467}