{"episode_rewards": [-24.685342019544052, -20.636619718309866, -23.477992277992335, -24.37406143344717, -6.89444444444443, -13.406405693950177, -23.900729927007365, -4.081355932203394, -23.263492063492116, -11.820155038759616], "mean": -17.654059854915054, "std": 7.483063849945137}