{"episode_rewards": [-2.718987341772087, 23.113099041533495, 26.05190839694651, -7.6705882352941295, -6.288967971530228, -18.170684039087913, 7.807092198581611, -24.830573248407724, -1.5947368421052521, -13.532155477031765], "mean": -1.7834593518167492, "std": 15.748765578159047}