{"episode_rewards": [872.7891156462455, 870.1986754966754, 851.8900343642401, 846.308724832196, 896.7105263157708, 879.522184300322, 849.3243243243048, 822.8571428571303, 865.277777777757, 874.9999999999799, 828.9940828402166, 876.744186046499, 831.8885448916277, 553.4296028880713, 829.0540540540335], "mean": 836.6659317756712, "std": 78.65700210347458}