{"episode_rewards": [36.98181818181778, 14.254545454545106, 16.41904761904724, 39.507070707070355, 16.118611987381342, 16.09729729729692, 92.47491166077845, 110.27909967845707, 8.535099337748091, 5.564705882352742], "mean": 35.62322078064951, "std": 34.70869881218426}