{"episode_rewards": [821.985815602822, 734.5070422535044, 880.0664451827124, 791.0891089108816, 475.2212389380469, 687.5457875457724, 867.2727272727087, 622.6277372262603, 884.8484848484654, 829.29292929291, 580.9338521400618, 847.1947194719389, 560.0660066006461, 878.4946236558977, 835.4838709677252], "mean": 753.1086926606903, "std": 130.55217287619686}