{"episode_rewards": [141.04179104477726, 343.41574803149507, -0.8764119601322022, 270.0134969325146, 137.65396825396908, 496.59665271966264, 20.396226415094986, 319.3999999999987, 314.22758620689683, 338.2212927756642], "mean": 238.00903504199408, "std": 150.1246306124529}