{"episode_rewards": [202.40306748465065, 836.8421052631379, 672.8813559321867, 838.1107491856462, 7.379264214047836, 814.5569620253051, 797.5265017667664, 8.182945736434917, 890.0990099009774, 5.987242798354885, 838.1818181817991, 836.6666666666536, 759.8484848484682, 818.8191881918791, 833.0985915492754], "mean": 610.7055969163722, "std": 340.4392807305123}