{"episode_rewards": [54.30185873606003, 39.35214723926346, 45.99298245614012, 50.36028368794353, 72.96666666666795, 58.25686900958452, 45.72307692307654, 55.26616541353418, 67.28484848484969, 50.36028368794333], "mean": 53.98651823050634, "std": 9.642144466757657}