{"episode_rewards": [-9.923404255319074, -5.177695167286179, 22.854054054053975, 7.76103896103889, 4.387188612099684, -25.19399399399408, -24.53333333333341, 5.962162162162244, 7.1141762452107855, 2.813605442176894], "mean": -1.3936201273190272, "std": 14.277067905349487}