{"episode_rewards": [785.9060402684378, 86.73494809688853, 854.385964912261, 864.7887323943462, 811.0320284697351, 721.2121212121019, 860.8695652173718, 858.4905660377219, 757.5851393188726, 794.4099378881799, 805.6603773584758, 358.90410958902504, 751.187793427224, 16.34074074074168, 839.7163120567226], "mean": 677.8149584658736, "std": 273.2677017553431}