{"episode_rewards": [34.691472868216664, 44.612274368230686, 83.55409836065698, 52.391331269349855, 202.01554770318128, 66.27292418772618, 118.80000000000113, 67.77610921501828, 67.73992932862257, 59.39233449477431], "mean": 79.72460217957779, "std": 46.24428692164137}