{"episode_rewards": [152.54558303887026, 215.8119521912361, 170.78675496688857, 215.5105263157903, 166.51863117870852, 248.26127946128102, 121.34237288135705, 198.25205479452148, 208.80000000000092, 349.42283737024206], "mean": 204.7251992198896, "std": 59.512611818031935}