{"episode_rewards": [-23.20000000000005, -13.898961937716187, -23.900729927007365, -24.031541218638058, 11.224242424242465, -8.728089887640413, -24.082562277580138, 5.2238410596026785, -24.664052287581775, 9.068456375839018], "mean": -11.698939767647982, "std": 14.182746416339297}