{"episode_rewards": [-23.59543726235747, -16.86308243727592, -24.42033898305092, -25.300294985250826, 35.91409395973144, -12.091719745222946, -24.279584775086576, 30.891503267973743, -24.107801418439784, 10.322491349481055], "mean": -7.353017102949821, "std": 22.813269045350843}