{"episode_rewards": [179.87421383648314, 317.76315789471977, 675.9740259740101, 335.2517985611331, 390.495348837194, 251.35135135133604, 447.90419161675663, 188.46153846154277, 473.7179487179441, 185.23489932886247, 218.04281345566312, 685.9922178988166, 375.5244755244597, 641.4965986394416, 157.59349845200683], "mean": 368.31187190335805, "std": 177.74123575833335}