{"episode_rewards": [-3.856249999999945, -7.8666666666666565, -9.858536585365801, -6.978546712802748, -4.709933774834406, -18.32446351931327, -7.484584980237132, -24.107801418439784, -2.261093247588395, -20.99591836734696, -16.65454545454542, -1.594736842105181, -22.025688073394527, -11.199999999999953, -1.1999999999999384], "mean": -10.60791770950934, "std": 7.60601021610461}