{
    "episode_rewards": [
        832.203389830491,
        802.1406727828536,
        867.4267100976972,
        830.6569343065498,
        932.2999999999919,
        874.8427672955751,
        873.941368078153,
        880.6451612903109,
        888.3720930232435,
        883.6601307189308,
        889.9328859060196,
        882.3943661971614,
        893.2203389830333,
        884.6153846153643,
        885.4545454545259
    ],
    "mean": 873.45378323866,
    "std": 30.010384245668806
}