{"episode_rewards": [44.958940397350794, 34.97647058823493, 55.44259927797893, 39.539549839227945, 104.85442176870855, 40.69542483660096, -46.24861660079033, -52.502588996764025, 44.66206896551711, 40.461237785015896], "mean": 30.683950786108074, "std": 44.32234785919447}