{"episode_rewards": [3.5003154574131012, 3.7650349650348045, -0.8969696969697873, 7.261538461538244, 4.865573770491636, 13.32054794520514, 4.011267605633634, 13.912781954886862, 7.5096774193546185, 13.32054794520514], "mean": 7.05703158277934, "std": 4.759664611710369}