{"episode_rewards": [837.3040752350882, 936.9999999999875, 889.8305084745588, 887.2204472843297, 845.0549450549299, 940.4999999999901, 889.6907216494632, 941.8999999999864, 881.0126582278364, 866.4429530201137, 875.6097560975445, 893.1034482758423, 865.8119658119546, 926.9999999999941, 861.9377162629636], "mean": 889.2946130263057, "std": 32.50039511001925}