{"episode_rewards": [-0.896969696969798, 1.5272727272725937, 0.6471337579616718, -0.6915254237289257, -2.8981132075472313, -1.2996677740864708, -2.261093247588497, -0.48327645051205326, -0.5877551020409203, -3.9272727272727765], "mean": -1.0871267144512409, "std": 1.530322960142676}