{"episode_rewards": [-2.1677419354839462, -1.6142011834320373, -0.5877551020409203, -1.200000000000097, -1.4970297029703898, 0.942857142857021, -0.04735202492222357, 5.090322580644962, 0.6021201413426343, -4.172972972973023], "mean": -0.46517530569780197, "std": 2.318324433283403}