{"episode_rewards": [858.9552238805779, 801.0238907849622, 323.6760124610507, 577.3162939296975, 783.3922261483922, 792.2558922558735, 791.3738019169191, 763.9240506329, 825.9259259259074, 853.4050179211309], "mean": 737.124833585741, "std": 156.73302130074185}