{"episode_rewards": [861.2403100775066, 821.985815602821, 834.48275862067, 867.0329670329521, 815.7509157509014, 846.6192170818341, 885.3479853479705, 864.6302250803674, 845.7142857142719, 819.5046439628351, 832.6599326599136, 873.3333333333197, 823.357664233556, 816.0839160838975, 861.9771863117644], "mean": 844.6480771263053, "std": 22.297050549762336}