{"episode_rewards": [-20.74703832752614, -11.133110367892918, -11.038709677419316, -15.018770226537145, -13.594366197183051, -13.717482517482464, -14.193197278911528, -15.672049689440916, -17.359169550173018, -20.210989010989024, -14.076712328767073, -4.982771535580476, -9.858536585365833, -21.584615384615464, -11.463157894736787], "mean": -14.310045104841409, "std": 4.300965801603824}