{"episode_rewards": [58.40573476702589, 37.33582554517099, 33.31612903225768, 63.205594405594354, 51.818867924528675, 35.46666666666627, 51.0368421052628, 55.75652173913105, 23.462379421221506, 101.89352517985729], "mean": 51.16980867867166, "std": 20.77501948539883}