{"episode_rewards": [27.194160583941212, -3.4991689750693, 32.54501992031833, 4.011267605633634, 13.473539518899997, 2.9296928327643497, 9.093040293040037, 17.12713754646802, 2.1333333333331876, 15.004620462045832], "mean": 12.00126431213753, "std": 10.874571383694546}