{"episode_rewards": [772.4137931034295, 410.2040816326378, 926.1999999999891, 896.2546816479261, 925.0999999999824, 924.8999999999927, 637.410071942427, 884.8484848484654, 714.1891891891707, 864.4012944983649, 876.2711864406621, 893.6507936507732, 714.4329896907027, 694.9526813880033, 862.8378378378163], "mean": 799.8711390580229, "std": 139.3273877881824}