{"episode_rewards": [5.0318840579708315, 1.373289902280011, 5.609815950920066, 9.122580645161017, 2.244816053511559, 9.895890410958625, 17.18709677419318, 4.260992907801242, 0.5919075144507612, 8.403960396039352], "mean": 6.372223461328664, "std": 4.725908204965851}