{"episode_rewards": [-3.8027397260273466, -0.618960244648258, 18.418320610686994, -8.472727272727264, -13.181981981981938, -17.454295532645997, 1.833033033033069, -23.927272727272793, 3.831847133758049, -12.03067092651754], "mean": -5.540544763434303, "std": 11.54383293012599}