{"episode_rewards": [567.6646706586668, 446.6666666666541, 811.4754098360493, 185.2090909090855, 832.7731092436846, 485.9649122806828, 795.9999999999839, 785.93155893534, 796.9072164948258, 835.251798561131, 823.8754325259389, 604.6979865771648, 803.0100334447949, 883.7662337662131, 805.4054054053844], "mean": 697.6399683537068, "std": 190.90771199098305}