{"episode_rewards": [240.56989966555122, 449.5999999999946, 393.6433212996323, 394.4398576512407, 458.4967971530195, 392.6379746835425, 365.7290322580611, 351.8556390977386, 272.89841269840923, 120.91474103585881], "mean": 344.07856755430487, "std": 98.8378581557437}