{"episode_rewards": [34.2205607476632, 31.517770034842798, 57.23537414965995, 44.61227436823084, 14.096167247386397, 33.10868167202537, 24.537704918032432, 44.27169811320721, 34.01739130434745, 55.00689655172465], "mean": 37.262451910712024, "std": 12.59192991257798}