{"episode_rewards": [206.448805460745, 347.68917197451617, 337.5598662207313, 516.9758865248178, 216.66231454006163, 317.65555555555034, 400.86353790613174, 325.03859649122194, 579.7369863013646, 412.68724832214383], "mean": 366.1317969297284, "std": 111.7093043787808}