{"episode_rewards": [261.21494661921713, 349.9970149253709, 355.06552901023684, 316.3387755102032, 229.26842105263236, 365.43960396039574, 271.5806853582553, 391.5453287197227, 365.159717314487, 367.95072463768025], "mean": 327.3560747108201, "std": 52.111605351387574}