{"episode_rewards": [835.8108108107903, 851.8518518518337, 819.6141479099495, 846.4285714285515, 826.6666666666538, 869.387755102028, 871.1191335739961, 937.4999999999942, 882.9931972788987, 864.2857142856943, 849.3243243243028, 859.8662207357637, 843.3198380566594, 335.8108108107957, 848.9795918367216], "mean": 822.8639089781756, "std": 132.902100042228}