{"episode_rewards": [-4.99912663755452, -12.681481481481445, -12.681481481481425, -8.728089887640403, -17.822073578595283, -21.883229813664627, -9.694623655913944, -24.53333333333341, -13.278853046594925, -22.60401146131811, -18.955102040816318, -12.681481481481404, -22.402346041055758, -14.643708609271464, -11.398019801980132], "mean": -15.265797490145541, "std": 5.61615348732735}