{"episode_rewards": [35.46666666666632, 99.70909090909218, 248.65074626865754, 105.46666666666746, 152.34430379746962, 102.65826771653666, 97.08947368421153, 220.37232704402638, 111.65714285714394, 26.400000000000745], "mean": 119.98146856104725, "std": 67.1541387255005}