{"episode_rewards": [889.6551724137739, 57.89473684210968, 727.9569892473041, 647.1698113207375, 480.64516129030835, 833.9933993399264, 800.621118012403, 830.4635761589277, 715.9509202453871, 863.36996336995, 761.486486486467, 807.9497907949598, 875.1773049645238, 856.6787003609987, 26.17719298245686], "mean": 678.3460215886822, "std": 269.5272385631883}