{"episode_rewards": [851.3888888888669, 840.9722222222017, 946.799999999997, 827.3356401383962, 930.6999999999891, 826.0563380281482, 871.4285714285508, 829.0780141843815, 875.2650176678252, 881.6849816849669, 852.5316455696085, 812.2257053291316, 823.0769230769043, 857.516339869258, 880.3921568627234], "mean": 860.4301629967299, "std": 37.50450371753481}