{"episode_rewards": [227.43892617449245, 828.0303030302839, 825.2669039145757, 851.4925373134139, 135.36959064327252, 438.22629969417846, 557.692307692291, 731.0344827586028, 832.8358208955053, 701.526717557237, 766.6666666666481, 537.1951219512091, 854.5454545454352, 756.2499999999845, 572.9559748427482], "mean": 641.1018071786585, "std": 220.09789448398442}