{"episode_rewards": [41.16842105263122, 31.506270627062307, 36.140067340066985, 47.31239669421496, -54.89019607843158, 32.90256410256372, 46.975895765472266, 40.22857142857103, 23.55504322766533, 61.10769230769326], "mean": 30.60067264675095, "std": 30.12908043333662}