{"episode_rewards": [238.0, 212.0, 216.0, 277.0, 239.0, 247.0, 227.0, 227.0, 184.0, 234.0, 351.0, 198.0, 229.0, 291.0, 223.0], "mean": 239.53333333333333, "std": 39.48479313468527}