{"episode_rewards": [10.0, 12.0, 10.0, 20.0, 22.0, 20.0, 12.0, 12.0, 12.0, 18.0, 12.0, 10.0, 10.0, 10.0, 9.0], "mean": 13.266666666666667, "std": 4.234251868853445}