{"episode_rewards": [176.0, 247.0, 211.0, 173.0, 178.0, 253.0, 334.0, 207.0, 303.0, 166.0, 170.0, 345.0, 198.0, 203.0, 413.0], "mean": 238.46666666666667, "std": 73.85108138830617}