{"episode_rewards": [121.0, 118.0, 117.0, 120.0, 118.0, 116.0, 121.0, 120.0, 113.0, 117.0, 118.0, 115.0, 114.0, 109.0, 111.0], "mean": 116.53333333333333, "std": 3.461534662865912}