{"episode_rewards": [207.0, 202.0, 194.0, 199.0, 204.0, 191.0, 198.0, 196.0, 186.0, 176.0, 200.0, 192.0, 175.0, 196.0, 175.0], "mean": 192.73333333333332, "std": 10.056286038537731}