{"episode_rewards": [198.0, 226.0, 213.0, 219.0, 229.0, 210.0, 227.0, 209.0, 212.0, 212.0, 226.0, 198.0, 210.0, 207.0, 200.0], "mean": 213.06666666666666, "std": 10.056286038537731}