{"episode_rewards": [427.0, 500.0, 500.0, 305.0, 458.0, 348.0, 366.0, 305.0, 500.0, 467.0, 426.0, 482.0, 385.0, 455.0, 500.0], "mean": 428.26666666666665, "std": 67.90038455135746}