{"episode_rewards": [210.72162162161607, 214.3417624520976, 237.85825242717783, 202.6159420289801, 23.548648648649305, 209.6469387755049, 286.46053511705077, 598.8056603773463, 511.8421052631418, 772.1464788732227, 213.27419354837627, 326.0358662613844, 230.62885906039537, 10.695719844358635, 379.7730897009815], "mean": 295.22637826668563, "std": 195.48917133865862}