{"number_episodes": 14, "episode_rewards": [893.3993399339821, 389.2086330935095, 738.7096774193429, 840.1408450704021, 814.8148148147957, 470.5128205128085, 783.8028169013915, 797.8873239436422, 790.0709219858013, 129.46175637394225, 887.4213836477776, 714.9466192170669, 244.11764705882823, 454.0983606557226], "mean_all_episodes": 639.185211473501, "std_all_episodes": 242.46931372571493}