{"episode_rewards": [839.9293286218909, 672.2007722007537, 870.4918032786736, 271.7948717948573, 811.2627986347924, 369.1780821917657, 843.6619718309669, 896.5753424657335, 879.5221843003205, 896.7532467532266, 829.7124600638845, 906.7999999999851, 855.6313993173864, 858.7628865979191, 926.7999999999935], "mean": 781.93847653681, "std": 190.53804774479238}