{"number_episodes": 10, "episode_rewards": [879.8657718120617, 869.3486590038185, 935.4999999999952, 866.1016949152375, 807.1207430340434, 558.1920903954764, 697.6190476190332, 942.2999999999931, 840.7894736841924, 809.4202898550584], "mean_all_episodes": 820.625777031891, "std_all_episodes": 109.84929579438466}