{"episode_rewards": [732.1167883211509, 820.5298013244927, 238.28996282526862, 514.7859922178833, 572.6618705035805, 654.8387096774065, 865.0349650349476, 878.7985865724203, 885.865724381609, 755.263157894721, 641.496598639444, 274.99999999998494, 882.3943661971633, 884.7560975609563, 344.759206798853], "mean": 663.1061218633254, "std": 221.40885616282065}