{"episode_rewards": [710.4575163398507, 913.9999999999867, 865.8703071672145, 922.3999999999894, 779.3650793650612, 842.675159235647, 528.571428571414, 455.5555555555415, 681.4569536423711, 869.2307692307584, 886.4864864864661, 834.2105263157727, 836.8770764119487, 854.0636042402657, 867.0329670329533], "mean": 789.8835619730162, "std": 134.07302221148453}