{"episode_rewards": [915.8999999999832, 868.5314685314506, 864.566929133853, 100.00000000000495, 691.8215613382755, 922.8999999999907, 802.5974025973849, 867.1052631578783, 763.924050632899, 856.1752988047681, 854.3726235741265, 836.6666666666537, 925.0999999999873, 872.2222222222039, 888.3268482490141], "mean": 802.0140223272317, "std": 196.8044579651733}