{"episode_rewards": [516.822429906527, 839.7163120567228, 824.1982507288479, 876.6666666666547, 854.8192771084214, 866.1654135338163, 883.5526315789308, 771.6216216216051, 819.4630872483041, 858.0645161290216, 805.5944055943879, 919.399999999984, 528.8343558282072, 707.9710144927409, 892.6470588235088], "mean": 797.7024694211785, "std": 118.86744443280925}