{"episode_rewards": [868.5314685314514, 915.2999999999865, 654.5454545454353, 864.7435897435736, 889.999999999988, 819.1919191919019, 885.6115107913481, 875.6097560975458, 781.8897637795131, 728.8288288288126, 830.612244897941, 893.7304075234896, 919.3999999999846, 716.1290322580554, 876.4309764309589], "mean": 834.703663507999, "std": 77.04412143431733}