{"episode_rewards": [280.79470198674005, 859.7315436241425, 562.2073578595176, 853.33333333332, 896.5753424657348, 878.8732394365996, 842.8571428571263, 262.41610738253524, 893.4210526315621, 874.729241877246, 836.8421052631385, 908.3999999999842, 857.0312499999839, 120.27972027972521, 775.4098360655606], "mean": 713.5267983375277, "std": 260.7738838481391}