{"episode_rewards": [678.1155015197452, 782.3529411764582, 259.71223021581363, 868.0851063829646, 761.1111111110922, 709.836065573756, 888.6792452830069, 542.6116838487818, 777.1929824561229, 771.2121212121052, 862.7118644067639, 912.2999999999842, 805.7377049180125, 808.7452471482691, 889.8989898989723], "mean": 754.55351967679, "std": 161.36331686916546}