{"episode_rewards": [859.8540145985212, 852.0295202951902, 869.491525423712, 893.1972789115529, 852.1912350597481, 923.2999999999839, 854.9180327868648, 913.799999999988, 862.8482972136104, 882.9351535835965, -17.46666666666448, 861.9047619047434, 439.4736842105094, 781.9672131147394, 516.1971830985774], "mean": 756.4427489023115, "std": 247.5209965401344}