{"episode_rewards": [861.4035087719136, 303.16885813147974, 399.55757575756536, 220.22564102563337, 592.0289855072331, 615.5238095237966, 52.93172804532816, 573.26732673266, 5.174131274132208, 508.05860805859425, 21.779804560261397, 295.5140065146448, 580.2721088435259, 115.94179566563733, 368.9430420711871], "mean": 367.58606203223945, "std": 246.0779996452606}