{"episode_rewards": [385.43689320386846, 883.6601307189326, 633.7662337662167, 867.391304347814, 913.0999999999854, 121.01449275362796, 459.1397849462204, 918.9999999999933, 868.9655172413613, 462.7240143369029, 170.9030100334502, 105.38720538721054, -25.42372881356013, 492.7051671732403, 375.2186588921162], "mean": 508.8659122658254, "std": 315.8866383154319}