{"episode_rewards": [800.9584664536605, 824.0924092409134, 516.8831168831036, 667.1232876712172, 852.5691699604619, -92.67399267399168, 770.6293706293552, 802.5270758122628, 772.0538720538548, 866.4429530201154, 782.3529411764595, 871.3261648745355, 778.4194528875247, 796.1538461538288, 780.7017543859463], "mean": 719.3039925686165, "std": 232.7605194694286}