{"number_episodes": 10, "episode_rewards": [738.9513108614083, 754.2372881355768, 921.3999999999907, 756.2300319488663, 547.6190476190419, 551.7241379310252, 917.6999999999855, 706.1224489795787, 663.6363636363452, 661.5658362989158], "mean_all_episodes": 721.9186465410735, "std_all_episodes": 121.35499708066473}