{"episode_rewards": [886.1111111110897, 851.4925373134151, 869.5945945945742, 670.7641196013158, 796.8253968253904, 887.3817034700182, 805.723905723891, 494.2492012779407, 865.3979238754208, 869.072164948434, 842.6751592356496, 673.0496453900571, 912.699999999982, 295.49839228294394, 873.9776951672706], "mean": 772.9675700544929, "std": 167.62932741950726}