{"episode_rewards": [907.8999999999868, 881.873111782456, 657.7639751552626, 624.3589743589604, 841.8181818181638, 852.8619528619342, 326.47058823527885, 874.9999999999816, 844.6366782006809, 873.4848484848294, 885.4014598539962, 536.3636363636183, 910.4999999999818, 686.2068965517075, 870.967741935475], "mean": 771.7072030401542, "std": 164.56063244224705}