{"episode_rewards": [763.7992831541062, 889.323843416355, 923.8999999999919, 710.9965635738655, 841.1764705882232, 883.8709677419176, 896.0937499999836, 918.2999999999918, 708.9171974522088, 857.0957095709459, 849.8327759197122, 826.1992619926071, 918.9999999999842, 263.63636363634873, 917.3999999999826], "mean": 811.3028124697485, "std": 161.8558850894089}