{"episode_rewards": [779.4788273615438, 923.4999999999919, 396.4788732394218, 893.1740614334262, 883.4983498349724, 859.7315436241421, 832.3843416369955, 879.999999999988, 863.768115942017, 876.0479041915988, 839.3939393939221, 840.5594405594238, 819.9999999999814, 896.5753424657339, 913.7999999999843], "mean": 833.2260493122096, "std": 122.29389186323007}