{"episode_rewards": [886.7549668874057, 685.2112676056179, 861.5384615384435, 612.3287671232712, 55.30303030303461, 718.1818181817997, 912.2999999999844, 859.9999999999887, 647.3684210526128, 865.5172413792917, 593.8110749185498, 823.0769230769129, 852.5316455696092, 893.1034482758433, 876.5624999999837], "mean": 742.9059710608233, "std": 212.32341337290345}