{"episode_rewards": [837.9844961240193, 751.724137931016, 475.43859649121055, -92.88256227757907, 874.7292418772457, 864.2857142856992, 257.9787878787826, -92.7007299270063, 862.328767123268, 766.6666666666484, 508.8435374149525, 917.3999999999918, -93.37748344370758, 809.3851132685937, -14.590747330960854], "mean": 508.8809024054783, "std": 391.6492348093821}