{"number_episodes": 5, "episode_rewards": [893.0555555555345, 800.9584664536595, 582.2157434402197, 901.5999999999892, 692.0489296635908], "mean_all_episodes": 773.9757390225986, "std_all_episodes": 122.21286370318215}