{"episode_rewards": [819.8717948717788, 384.3205574912727, 778.8819875776225, 882.2064056939355, 906.7999999999838, 876.5100671140756, 829.9999999999874, 914.4999999999856, 867.1532846715145, 870.9090909090729, 928.0999999999922, 907.1999999999844, 883.2775919732245, 881.2499999999848, 866.8874172185311], "mean": 839.8578798347298, "std": 127.35211856903362}