{"episode_rewards": [772.2741433021622, 593.1034482758457, 684.5659163986969, 262.745098039201, 793.7499999999849, 337.1069182389793, 530.7692307692158, 832.2033898304945, 730.9859154929401, 908.2999999999872, 675.1677852348921, 679.1164658634399, 632.8990228012865, 396.83544303795924, -10.447761194029635], "mean": 587.9583344060704, "std": 238.45709497361813}