{"episode_rewards": [889.9999999999873, 884.8484848484669, 883.1649831649642, 820.2453987729945, 879.5918367346826, 859.409594095928, 881.9494584837466, 873.7704918032634, 881.0126582278377, 924.6999999999908, 892.857142857125, 579.3650793650643, 867.0329670329527, 884.0255591054175, 68.16816816817322], "mean": 804.6761215107064, "std": 211.48153980188061}