{"number_episodes": 5, "episode_rewards": [738.9513108614083, 754.2372881355768, 921.3999999999907, 756.2300319488663, 547.6190476190419], "mean_all_episodes": 743.6875357129768, "std_all_episodes": 118.58803927905608}