{"number_episodes": 9, "episode_rewards": [893.3993399339821, 389.2086330935095, 738.7096774193429, 840.1408450704021, 814.8148148147957, 470.5128205128085, 783.8028169013915, 797.8873239436422, 790.0709219858013], "mean_all_episodes": 724.2830215195196, "std_all_episodes": 163.43191118871835}