{"number_episodes": 5, "episode_rewards": [892.5650557620665, 911.6999999999879, 888.0952380952235, 835.2517985611332, 868.9655172413612], "mean_all_episodes": 879.3155219319545, "std_all_episodes": 25.884830680370886}