{"episode_rewards": [872.440944881884, 837.0370370370188, 874.6376811594074, 862.1993127147574, 917.9999999999844, 916.799999999983, 884.374999999985, 914.8999999999853, 876.4309764309571, 531.7567567567409, 875.0889679715154, 893.1506849314876, 873.0639730639551, 923.0999999999948, 340.2985074626693], "mean": 826.2186561606884, "std": 158.6535100021063}