{"episode_rewards": [912.4999999999836, 871.2230215827153, 873.7827715355664, 875.5244755244582, 237.38601823707333, 555.4054054053898, 886.6666666666559, 908.9999999999814, 881.6176470588033, 882.3321554770139, 824.0506329113812, 859.7315436241425, 267.6975945017025, 916.4999999999836, 908.3999999999843], "mean": 777.454528834989, "std": 222.59985521195847}