{"episode_rewards": [563.6636636636543, 553.4954407294695, 870.6959706959574, 331.8936877076253, 249.99999999998587, 805.5944055943883, 915.8999999999855, 864.6643109540472, 416.556291390714, 856.0810810810602, 885.8657243816081, 924.5999999999926, 879.3103448275696, 882.6388888888703, 286.36363636362637], "mean": 685.821563085237, "std": 247.0289495705847}