{"number_episodes": 5, "episode_rewards": [879.8657718120617, 869.3486590038185, 935.4999999999952, 866.1016949152375, 807.1207430340434], "mean_all_episodes": 871.5873737530313, "std_all_episodes": 40.85194404310762}