{"episode_rewards": [825.093632958788, 712.2866894197767, 780.3986710963339, 426.8138801261665, 801.5873015872835, 865.9090909090736, 673.2919254658216, 853.3333333333222, 849.999999999984, 910.3999999999817, 892.452830188667, 433.333333333317, 839.7163120567236, 672.0364741641228, 835.1535836177294], "mean": 758.1204705504729, "std": 146.46520521867407}