{"episode_rewards": [845.3924914675565, 893.1271477663034, 816.9550173010263, 886.7549668874063, 852.7272727272549, 893.1972789115534, 877.0491803278541, 811.971830985896, 888.4615384615196, 815.5844155843972, 844.9838187702101, 487.6288659793663, 892.248062015493, 609.5588235293958, 885.401459853995], "mean": 820.0694780379486, "std": 112.48396143697032}