{"episode_rewards": [459.88023952094335, 820.2657807308858, 852.8619528619346, 679.0697674418499, 748.1481481481339, 865.3846153845974, 872.7891156462476, 868.4210526315604, 228.77313432834256, 391.40909090907644, 802.6845637583718, 800.6849315068308, 250.26734693876767, 843.396226415081, 924.7999999999925], "mean": 693.9223977481744, "std": 230.15731644537647}