{"episode_rewards": [58.92671480144679, 6.551291512915839, 115.74590163934766, 205.5605442176817, 636.3013698630039, 15.658576051780713, 19.959649122807747, 329.1152866241947, -21.699999999999477, 317.9463768115871, 36.65625000000074, 34.95890410958987, 80.4089820359313, 603.0716723549343, 33.10915750915825], "mean": 164.81804511029208, "std": 206.70695020697542}