{"episode_rewards": [866.5271966527016, 890.7975460122578, 921.3999999999892, 885.8657243816073, 290.0709219857998, 700.6993006992844, 920.2999999999906, 910.0999999999858, 672.0364741641206, 833.8521400778066, 846.2365591397688, 885.5072463767993, 836.5079365079182, 467.5675675675504, 865.9442724458088], "mean": 786.2275257340926, "std": 177.30968411238123}