{"episode_rewards": [233.58725868725966, 187.22876712328812, 234.02408759124197, 228.57647058823628, 182.01974110032418, 225.75910652921004, 131.38854961832143, 205.6692307692318, 217.20769230769272, 232.96451612903297, 223.17586206896598, 246.93065134099663, 184.11985815602935, 224.90000000000106, 179.37284345048], "mean": 209.1283090306875, "std": 29.622179579162644}