{"episode_rewards": [876.0273972602548, 760.6060606060418, 475.75757575755915, 67.30038022814111, 848.387096774183, 808.7837837837645, 870.1492537313251, 361.5384615384469, 530.5970149253554, 863.333333333322, 685.4785478547722, 919.8999999999869, 329.44785276073566, 840.7407407407235, 926.8999999999862], "mean": 677.6631666196398, "std": 253.99085498927872}