{"number_episodes": 20, "episode_rewards": [893.3993399339821, 389.2086330935095, 738.7096774193429, 840.1408450704021, 814.8148148147957, 470.5128205128085, 783.8028169013915, 797.8873239436422, 790.0709219858013, 129.46175637394225, 887.4213836477776, 714.9466192170669, 244.11764705882823, 454.0983606557226, 484.3749999999844, 867.2727272727088, 893.5064935064739, 641.1347517730403, 14.755212355217537, 862.4573378839406], "mean_all_episodes": 635.6047241710191, "std_all_episodes": 264.88292257779716}