{"episode_rewards": [884.6743295019043, 885.9154929577267, 868.1978798586396, 475.0798722044584, 877.9874213836284, 843.3333333333213, 915.5999999999847, 539.3442622950679, 825.0814332247363, 879.094076655036, 886.3481228668745, 600.7042253520968, 888.8475836431074, 644.6043165467447, 869.696969696951], "mean": 792.3006213013521, "std": 142.38674366329127}