{"episode_rewards": [878.7234042553046, 826.421404682254, 865.753424657516, 922.3999999999913, 879.9331103678718, 893.4210526315615, 529.6296296296151, 559.5744680850916, 890.2912621359051, 876.5100671140746, 854.8611111110906, 885.5595667869925, 835.5932203389676, 541.5094339622455, 879.9999999999876], "mean": 808.0120770505645, "std": 134.18393828111286}