{"number_episodes": 10, "episode_rewards": [893.0555555555345, 800.9584664536595, 582.2157434402197, 901.5999999999892, 692.0489296635908, 514.3344709897434, 739.8576512455348, 711.6883116882938, 745.8904109588852, 847.3684210526104], "mean_all_episodes": 742.9017961048062, "std_all_episodes": 119.85685128489074}