{"episode_rewards": [905.8999999999817, 827.5362318840464, 822.8486646884145, 893.3110367892766, 853.1249999999837, 855.8823529411577, 912.799999999983, 660.252365930588, 839.3939393939205, 882.9931972789002, 914.9999999999891, 729.0322580645048, 828.0821917808031, 872.6027397260086, 885.2941176470387], "mean": 845.6036064083066, "std": 67.44929110562416}