{"episode_rewards": [868.5314685314512, 863.7681159420166, 807.5907590758959, 882.8178694157875, 889.7610921501505, 832.6599326599141, 858.1881533100882, 839.5973154362239, 920.799999999983, 915.0999999999873, 669.7368421052471, 812.4087591240686, 341.2698412698266, 437.70491803277224, 352.7027027027054], "mean": 752.8425179837412, "std": 197.1680400775332}