{"episode_rewards": [913.5999999999913, 716.7330677290691, 839.9293286218902, 889.0510948904908, 862.3824451410449, 808.4745762711702, 880.6949806949601, 884.7908745246939, 760.2150537634329, 255.7238805969983, 446.12546125460625, 901.4999999999837, 615.277777777761, 886.1591695501614, 869.594594594574], "mean": 768.6834870273885, "std": 184.7618965027323}