{"episode_rewards": [60.17131782945777, 114.09413919413988, 118.31085271317895, 84.11501706484711, 79.1345276872968, -11.015492957746424, 120.11452145214562, 8.862264150943473, 147.43521126760635, 135.4351170568568, 51.5283524904212, 138.23333333333386, 53.66712328767116, 128.05315315315363, 121.85340501792179], "mean": 89.99952284941519, "std": 46.95476928626226}