{"number_episodes": 4, "episode_rewards": [893.3993399339821, 389.2086330935095, 738.7096774193429, 840.1408450704021], "mean_all_episodes": 715.3646238793092, "std_all_episodes": 196.33401854088495}