{"episode_rewards": [723.7082066869168, 854.0983606557229, 60.77170418006897, 910.2999999999909, 869.3486590038198, 779.9999999999887, 914.7999999999843, -16.96750902527152, 878.8732394365991, 900.7999999999851, 298.57651245550096, 850.7042253520933, 885.915492957727, 839.3939393939189, 815.3846153845972], "mean": 704.3804964321093, "std": 305.02432472117937}