{"episode_rewards": [537.6811594202783, 567.8200692041386, 816.9139465875248, 843.3333333333209, 852.5691699604616, 879.7979797979632, 407.35294117645896, 893.333333333321, 399.9999999999862, 837.7049180327725, 875.3086419752894, 861.5384615384465, 407.8947368420931, 865.9863945578116, 121.85430463576648], "mean": 677.939292693042, "std": 239.76053738494934}