{"episode_rewards": [879.1666666666462, 293.54838709676056, 776.9230769230654, 806.8825910930975, 680.3278688524434, 918.6999999999912, 842.9530201342097, 745.8498023715287, 906.6999999999852, 889.9665551839262, 864.7058823529209, 687.7813504822992, 709.859154929561, 889.2473118279413, 790.3225806451496], "mean": 778.8622832373018, "std": 151.05620039234927}