{"episode_rewards": [-82.81786941580708, -77.56410256410238, -75.94501718213054, -74.11003236245962, -49.36708860759573, -71.32616487455225, -70.29702970297065, -66.77740863787416, -73.94136807817598, -80.7692307692304, -49.49494949495028, -34.64052287581777, -81.8181818181814, -74.16974169741707, -77.49196141479084], "mean": -69.36871129973707, "std": 13.468893275530185}