{"episode_rewards": [916.4999999999851, 822.7941176470399, 860.474308300384, 835.0180505415065, 846.2365591397694, 875.3521126760368, 866.5551839464689, 662.3762376237505, 889.5833333333131, 864.285714285696, 855.2238805969968, 865.779467680588, 855.8823529411568, 921.4999999999852, 870.8029197080118], "mean": 853.890949228046, "std": 57.17222350162242}