{"episode_rewards": [890.4458598725904, 398.16849816848384, 827.4809160305217, 896.4539007092058, 884.4961240309965, 806.6147859922031, 823.9543726235535, -93.0313588850164, 838.1818181818003, -93.0795847750855, 819.4630872483062, 300.06666666665103, 926.1999999999923, 127.22336769759596, 908.5999999999801], "mean": 617.4158969041185, "std": 366.4810461107946}