{"episode_rewards": [547.0588235293983, 882.9351535835968, 741.1214953270869, 871.0610932475714, 909.9999999999864, 884.905660377345, 760.3896103895934, 912.5999999999829, 741.5094339622495, 707.4324324324156, 888.593155893515, 877.4919614147752, 783.6363636363458, 750.6944444444259, 335.0649350649207], "mean": 772.9663042202137, "std": 152.02528572632443}